member,reserve
3kvR6QrQ92U64Ub8wNLrtBs6xza9u9QfGy7CR2c9NAj1,4
HmRDmNVt7KaiujYJwFuR46dCRouy1ogxKh8uvHUbuRx2,4
C46d9nMZHMh4TGUZiF1wKCZUQffnEXSVVbrhnunirPAZ,4
2YgnVaycXqrjwSnSQgDrzfiweknG3DYV5qtj5c3WP1Te,4
6o8mytE2pUyCAeKfverUoAH2XcPCkpzvACkRz3tpnnkz,4
CDRhWAEt8fE7ZwWxdZP4ymVFVbAw9VCRFn3J4n3erSZa,4
9inbQdSUXHYfHY7cACQVGoRkqPCNSCapdAx5DFznJ8Qh,4
8pPYZ9sX8cLFqxdfNHrqP3xXBBPmnYDpnoPrAA5KDV1Q,4
6KHpkAwG76DTz72h4eo49VptiC47ZtHSsPbuPigAvini,4
3fpzDsZdu3Fu8KEnyypJYE6btf6ZhPPpETYaYeCjiAbn,4
CEBYqy9Vxf7aXbFKdaG7X1PzrFYdsm3MaUW2e1E6GZTr,4
EfZNPVqvTgL5V557DRQmjAZuRN4ZESgXcB9BKiYKfmKt,4
24d4WegfJB8U8RYFkDRfxLYtsW3m8kcuGmPC5pT7J9jC,4
BaDZuN4M3TA5i4ahvxzEPJpDiZZQ2nM7DrZP5bLXgQfH,4
EvZ8DicPQqYhoF5wPXRSut4oxA1K6YPZnaEu9bQK5aJ8,4
DMRgLTc2mdvAtbd7esfsfrEEj4GF3st3LThyX6KMhdXB,4
DXDkokCFMrJuANxJmgkwPR963TrqcLKrQEzLcT332NRY,4
9V2k18KS5bJKbfSDjwMKLGb8pXcgkXTdXe74U38d1wsp,4
HFxU2Koc21xXbbCaPGnAkCgyKVKUXQfA3BWTa3xgBN6j,4
BpPsGC3Z9DHCzPujRAf6H8ZtTHXxgEakUZGhV7XuDimX,4
6KmGb5V8B8P7VswqrNYurYPpVxKiG9RQjUZppJipTxhH,4
BjW5ctsmnyQ58TiB6U4w5DTJmpD6adn7P4EAksNTKgHa,4
FVdsG2obwe1s9jFJPhhZ9AfLp3sQbkpD2X4rSubmhTC1,4
739FEupAtjWNFVuWU9FapnJAUCgBZDtYyyZ3kwE1qW9M,4
5UvEy8gFmv87MZXyHrQDnacppyme9TZ8bQ1VCmzfU7e4,4
AP5kFia7bzVzicAUDtgvDWVv1usrPHbLJ7nnvtAK8Y18,4
DnLkqYaxrCCADUc9X7rNw2HX2A1cwBTA2hM1WM44efnr,4
6a1Je9eEY2Lmgbr7TWvKhjwoPMLi8W4oj8XikyQY9q3y,4
CaNvL9UGCjS3zAHUWegi5KjFvMJxwoMS7ob4mkFFquEe,4
AH3oqsmcoBfpr5z7UKNjLAowQ2JdwWHYX1rfFuXYBjxt,4
EbNW62tEZy7RJK6dj9L2KxiUhJpaRkTzM9PgWk5kSh9f,4
7nwPMZfWuJFq8CT96wBjueFqH4hrVkHZEHBNJy9LpN7q,4
FEqu22QawCq9YbNMtdeDpe5M185GVDGCMc4ydAw6CsxB,4
D6egji2RbkmdjzLgSs8ucH1cZbP7jf29yGakoWMaHbhj,4
55uvrxi4qtCKRy5x9SGSa6JSH7L74ESoSXDn9X3e6v71,4
7eoHK8Dw7FbXcLC2Ptna4BTbaeVk4sXS6akfAkgXo96L,4
Cz8xLF33DH1vADyBRKy1HAUAm1bbJAEnZKgEhbWzUEdY,4
GmYiPTRvPmN5g8UgqS4Y7MBLzmo62hYpBn1CFRQJ1o2D,4
GujzeRwgZ7eLLLvcj2TTwm7mauu2kHPhAs8YynqMeqJJ,4
D1VSmyALAaDJ4cCLnMPtTo8mefKNEfan423K5sxEaxV9,4
JBRRAGx7Z2S8QyDkwKpNZsXeMro9RMFzxTd5V4uNm54S,4
9xZDFEcSMCPZhDgPw112oqqjyncCcB9cKDCdn5kZ1RLy,4
9gsx2wS4CS5H6h46CvwWCV3hTKqytPdT9HyFkTU2MwzZ,4
Eh7GFtNWKjKpnbqc9uCPuRXcXMixtR4EeNq22SC41x86,4
9Xwi6yxyJh8Yrho8AVdty8gJrwKMZMkJNn4xpm6oAQMs,4
JDYdGSDYjYrSBRv3QLVmVtRgiJ8x847JdiNWLrhVW2Yw,4
GJyg4vJRL4yCbyrzhbpLe6Q9Qp15y9CQwRk16fCWV4DM,4
Groi6cqdC6jW87HVTZTZzCGvFwekJbATPkpwL8rfDsid,4
8QGbnMQunZZ3E4Lb3sfXfaHHK7oiHSr2dxpmAyCdTFdM,4
7DFXbwsbxu5rJWzMXt46BxVUiC3BDEKfe7rLzmfNHMth,4
CeubxM4ummKLZN5dp4FpTwqnGqNMxsvMGrdX1EthNEcZ,4
2CvgLwbMJcS5zjcqzG2fJT3dp7X5VCJh58dgZfW1Gk3o,4
HA6Wtr6Jv6kgo5VLzGVrq11Yby3k6eSAfBv5yLcwZKH6,4
3y38KbnuG2Nmg455LsFMYhSaLRvSR2WSAWP7Ly7YF5LD,4
9zxX9QEJKy7upGrqXmWQjW6zFZvGtErt8hsXq9PoxyCW,4
ECRMKHnoNkyvnrZfiuSwiRv3r67oNeHzUsyfFdqTCY3P,4
2YciS5qj7sUQRYHPMQv94HXhGpp8EKyULBGrhHV2CKY4,4
GeAh1H2kwXdq15dhK7CLvkdYsXmDncLwTrYuopdvkDq8,4
9mWDxfW7Ya9NM7Y6zbpADjdwCZ1Ny8N2hAxb1wVCDb1B,4
4Kvp78NHB2EahYr9qKGzTiHaroU3B194ybxYrWB5Vzxe,4
4e4vZuD1EqXyiny2enpPAA3iFUVSxvG9nLRoG4m1TER2,4
3huXWsHEeByjXcx9fpGG56anCkyZJ7Un6WGtakRedNAE,4
5V8pwdbN2NezHvVD5UGSPdXVoo7idmLdYf17w9KfVcTd,4
7KzH8RB3o5MxfeEnyhSRK4vKpqJW1r3r66JDKQVwxR3g,4
9safVNFa1wUZ4CtBnVSP84REbyro1jUx26nFbJjz9uZn,4
81T49CiNTb8RyBk4w92ZwnLNioDa9sgFtgr5R8JSJZjx,4
7eoHK8Dw7FbXcLC2Ptna4BTbaeVk4sXS6akfAkgXo96L ,4
